Method,F1(%),Precision(%),Recall(%),Latency(ms),Energy(J),Comm.(MB)
BERT-base,85.41,86.07,84.78,208.3,1.794,N/A
RoBERTa,86.18,86.93,85.47,193.1,1.682,N/A
Hybrid CNN-Transformer,83.07,83.62,82.54,44.2,0.387,N/A
FedAvg,81.68,82.14,81.23,182.4,1.583,320
FedProx,82.31,82.87,81.76,177.1,1.521,310
FedNLP,83.57,84.09,83.06,118.6,0.874,280
FedNAS,84.52,85.03,84.02,63.4,0.583,210
Auto-FedRL,84.91,85.37,84.48,56.2,0.471,190
MobileBERT,80.87,81.34,80.41,37.3,0.291,N/A
TinyBERT,79.63,80.12,79.15,31.1,0.238,N/A
FedNAS-GradFree,86.93,86.21,85.79,27.4,0.207,85.03
