device_id,class,model,latency_IFND_mean_ms,latency_IFND_r1,latency_IFND_r2,latency_IFND_r3,energy_IFND_mean_J,latency_FNN_mean_ms,energy_FNN_mean_J
D00,low-end,Samsung Galaxy A13,31.935,33.121,31.702,30.984,0.2472,28.289,0.2558
D01,low-end,Samsung Galaxy A14,29.189,30.52,27.574,29.472,0.2369,31.241,0.2452
D02,low-end,Xiaomi Redmi 10A,32.057,30.121,33.918,32.133,0.2333,30.112,0.2415
D03,low-end,Xiaomi POCO C40,29.752,26.862,32.084,30.31,0.2425,30.594,0.251
D04,low-end,Samsung Galaxy A12,32.078,29.579,32.803,33.852,0.2491,29.407,0.2578
D05,low-end,Samsung Galaxy A13,31.092,33.603,29.173,30.499,0.2359,28.911,0.2441
D06,low-end,Samsung Galaxy A14,31.963,32.102,33.714,30.074,0.2388,31.213,0.2471
D07,low-end,Xiaomi Redmi 10A,29.198,30.809,28.505,28.28,0.2478,30.266,0.2564
D08,low-end,Xiaomi POCO C40,33.022,33.306,34.666,31.093,0.232,31.517,0.2401
D09,low-end,Samsung Galaxy A12,31.874,33.784,32.178,29.659,0.249,30.299,0.2577
D10,low-end,Samsung Galaxy A13,32.827,32.177,35.121,31.183,0.2503,31.134,0.259
D11,low-end,Samsung Galaxy A14,31.079,35.188,24.719,33.329,0.237,30.797,0.2453
D12,low-end,Xiaomi Redmi 10A,31.173,31.491,30.525,31.503,0.2465,32.35,0.2552
D13,low-end,Xiaomi POCO C40,29.73,26.3,30.723,32.166,0.2407,28.358,0.2491
D14,low-end,Samsung Galaxy A12,31.399,34.97,29.976,29.25,0.2198,30.786,0.2275
D15,low-end,Samsung Galaxy A13,31.892,30.018,33.563,32.096,0.2366,32.204,0.2449
D16,low-end,Samsung Galaxy A14,31.34,29.948,32.557,31.516,0.2472,32.841,0.2558
D17,low-end,Xiaomi Redmi 10A,31.222,33.696,29.517,30.453,0.2404,29.178,0.2488
D18,low-end,Xiaomi POCO C40,29.972,30.292,27.612,32.014,0.2401,31.128,0.2485
D19,low-end,Samsung Galaxy A12,31.299,31.926,31.286,30.686,0.2373,28.378,0.2456
D20,low-end,Samsung Galaxy A13,29.456,27.732,30.221,30.416,0.2531,30.853,0.262
D21,low-end,Samsung Galaxy A14,30.806,29.266,30.87,32.284,0.2366,29.792,0.2449
D22,low-end,Xiaomi Redmi 10A,33.206,35.992,31.71,31.917,0.2452,29.804,0.2537
D23,low-end,Xiaomi POCO C40,29.589,31.087,26.473,31.207,0.2353,30.166,0.2435
D24,low-end,Samsung Galaxy A12,33.217,31.424,37.436,30.792,0.2447,30.962,0.2532
D25,low-end,Samsung Galaxy A13,30.521,32.027,31.186,28.349,0.2442,30.422,0.2527
D26,low-end,Samsung Galaxy A14,33.513,34.132,33.154,33.252,0.2447,34.345,0.2532
D27,low-end,Xiaomi Redmi 10A,30.515,28.998,34.783,27.766,0.2455,32.566,0.2541
D28,low-end,Xiaomi POCO C40,32.763,32.741,36.753,28.795,0.2483,30.082,0.257
D29,low-end,Samsung Galaxy A12,30.464,29.856,31.522,30.013,0.2405,29.83,0.2489
D30,mid-range,Samsung Galaxy A54,26.018,24.452,27.073,26.529,0.148,23.401,0.1532
D31,mid-range,Samsung Galaxy Note 20,26.306,26.505,27.484,24.927,0.1555,24.258,0.1609
D32,mid-range,Xiaomi Mi 11 Lite,25.347,26.243,24.268,25.531,0.1514,25.429,0.1567
D33,mid-range,Samsung Galaxy A52,25.258,24.626,25.079,26.07,0.1551,24.58,0.1605
D34,mid-range,Xiaomi Redmi Note 11,25.063,23.256,29.051,22.883,0.155,23.82,0.1604
D35,mid-range,Samsung Galaxy A54,25.374,22.468,27.191,26.461,0.1576,25.524,0.1631
D36,mid-range,Samsung Galaxy Note 20,25.708,26.128,26.136,24.861,0.165,25.764,0.1708
D37,mid-range,Xiaomi Mi 11 Lite,23.891,23.099,25.036,23.537,0.1625,26.347,0.1681
D38,mid-range,Samsung Galaxy A52,24.887,26.827,24.593,23.242,0.158,22.795,0.1636
D39,mid-range,Xiaomi Redmi Note 11,24.572,24.246,25.708,23.763,0.1547,22.044,0.1602
D40,mid-range,Samsung Galaxy A54,24.664,23.249,25.371,25.373,0.144,25.779,0.149
D41,mid-range,Samsung Galaxy Note 20,24.39,23.876,23.948,25.347,0.1619,23.909,0.1676
D42,mid-range,Xiaomi Mi 11 Lite,22.514,22.003,22.083,23.455,0.1503,24.897,0.1555
D43,mid-range,Samsung Galaxy A52,25.929,24.46,25.504,27.823,0.1557,23.6,0.1612
D44,mid-range,Xiaomi Redmi Note 11,25.336,26.593,24.567,24.848,0.1441,25.85,0.1491
D45,high-end,Samsung Galaxy S22,17.868,18.776,18.344,16.482,0.0877,17.386,0.0908
D46,high-end,Samsung Galaxy S23,17.044,17.089,16.312,17.732,0.0937,16.75,0.0969
D47,high-end,Xiaomi 12,18.047,19.183,16.416,18.54,0.0825,17.181,0.0854
D48,high-end,Samsung Galaxy S22+,17.142,17.066,16.691,17.669,0.0817,15.391,0.0846
D49,high-end,Xiaomi 12 Pro,16.497,16.346,17.032,16.114,0.0892,17.474,0.0923
